Algoritma,Başarı Oranı (Acc),DN (True Neg),YP (False Pos),YN (False Neg),DP (True Pos),Duyarlılık (Recall),Özgüllük (Spec),Kesinlik (Prec),F Ölçütü (F1)
KNN (Özgün: Log-Quad),0.9344262295081968,30,3,1,27,0.9642857142857143,0.9090909090909091,0.9,0.9310344827586207
SVM (Özgün: Bessel-Lap),0.9016393442622951,28,5,1,27,0.9642857142857143,0.8484848484848485,0.84375,0.9
RF (Standart),0.9016393442622951,29,4,2,26,0.9285714285714286,0.8787878787878788,0.8666666666666667,0.896551724137931
KNN (Standart),0.9016393442622951,29,4,2,26,0.9285714285714286,0.8787878787878788,0.8666666666666667,0.896551724137931
LR (Özgün: ISRU),0.8852459016393442,28,5,2,26,0.9285714285714286,0.8484848484848485,0.8387096774193549,0.8813559322033898
SVM (Standart),0.8852459016393442,28,5,2,26,0.9285714285714286,0.8484848484848485,0.8387096774193549,0.8813559322033898
LR (Standart),0.8688524590163934,28,5,3,25,0.8928571428571429,0.8484848484848485,0.8333333333333334,0.8620689655172413
RF (Özgün: Dyn. Select),0.8688524590163934,29,4,4,24,0.8571428571428571,0.8787878787878788,0.8571428571428571,0.8571428571428571
DT (Standart),0.7377049180327869,24,9,7,21,0.75,0.7272727272727273,0.7,0.7241379310344828
DT (Özgün: Hellinger),0.5409836065573771,31,2,26,2,0.07142857142857142,0.9393939393939394,0.5,0.125
